Nama Pengamat;Asal Tim Pengamat;Panel nomor berapa yang paling berbeda dari yang lain? ;Apa alasan Anda memilih panel tersebut sebagai panel yang paling berbeda dari yang lain? ;;;;;;;;;;;;;;;;;;;;;;;;;;;;;;;;
Riski Aprilianti;Tim 7;Panel 2;dikarenakan line pada panel ke 2 memiliki kemiringan garis yang tidak searah dengan mayoritas panel lain;;;;;;;;;;;;;;;;;;;;;;;;;;;;;;;;
Rizka;Tim 5;Panel 13;Panel 13 memiliki kemiringan garis tren ke atas (kemiringan positif) yang paling jelas dan signifikan dibandingkan panel lainnya yang cenderung datar.;;;;;;;;;;;;;;;;;;;;;;;;;;;;;;;;
Ilfani Magfirli;Tim 5;Panel 13;Menurut saya panel 13 adalah panel yang berbeda dari yang lain karena memiliki garis regrasi dengan kemiringan positif yang paling jelas. Hal ini menunjukkan bahwa terdapat kecenderungan hubungan positif antara RLS dan TPT, yaitu semakin tinggi RLS maka TPT cenderung meningkat. Sementara itu, pada sebagian besar panel lainnya hubungan antara kedua variabel terlihat lebih lemah karena garis regresinya relatif datar.;;;;;;;;;;;;;;;;;;;;;;;;;;;;;;;;
Nathania;Tim 1;Panel 2;Panel 2 paling berbeda karena menunjukkan hubungan positif TPT dan RLS yang jauh lebih kuat, terlihat dari garis regresi yang paling curam. Panel lainnya cenderung memiliki hubungan yang lebih lemah dan garis regresinya relatif datar.;;;;;;;;;;;;;;;;;;;;;;;;;;;;;;;;
Alifstiana Putri;Tim 4;Panel 2;"model/bentuk grafiknya berbeda dan memiliki garis grafik miring serta dan seluruh titik ""kota"" berada di sebelah kanan semua";;;;;;;;;;;;;;;;;;;;;;;;;;;;;;;;
Nabila;Tim 2;Panel 2;Karena, garis regresi di panel 2 yang naiknya paling tajam serta pitanya yg paling kecil;;;;;;;;;;;;;;;;;;;;;;;;;;;;;;;;
Sasa Arisa;Tim 4;Panel 2;Karena line pada panel ke 2 memiliki kemiringan garis yang tidak searah (Paling Berbeda) dengan mayoritas panel lain.;;;;;;;;;;;;;;;;;;;;;;;;;;;;;;;;
A. Muh. Faldi Fadhil A. Darsyad;Tim 7;Panel 2;karena menunjukkan hubungan negatif yang paling kuat antara TPAK dan TPT,;;;;;;;;;;;;;;;;;;;;;;;;;;;;;;;;
Dhiya Izdihar Haryadi ;Tim 1;Panel 2;garis tren/regresi memiliki kemiringan positif yang sangat tajam/menanjak ke atas secara signifikan dibandingkan dengan panel-panel lainnya. ;;;;;;;;;;;;;;;;;;;;;;;;;;;;;;;;
Suhartin M;Tim 3;Panel 2;Pada panel nomor 2, garis tren/regresi membentuk kurva eksponensial/melengkung naik yang sangat jelas ke kanan atas. Sementara itu, pada 19 panel lainnya, garis tren cenderung datar (horizontal) atau hanya memiliki kemiringan garis lurus (linear) yang sangat tipis.;;;;;;;;;;;;;;;;;;;;;;;;;;;;;;;;
Madanih;Tim 3;Panel 2;menunjukkan hubungan yg lebih positif antara kedua indikator (tren naik) ;;;;;;;;;;;;;;;;;;;;;;;;;;;;;;;;
Andi dwi darma;Tim 2;Panel 2;karena grafiknya yang melonjak sendiri;;;;;;;;;;;;;;;;;;;;;;;;;;;;;;;;
;;;;;;;;;;;;;;;;;;;;;;;;;;;;;;;;;;;
;;;;;;;;;;;;;;;;;;;;;;;;;;;;;;;;;;;
