kode_wilayah,kabupaten,tahun,tpt,rls
7301,Kepulauan Selayar,2023,1.98,8.35
7301,Kepulauan Selayar,2024,2.05,8.49
7301,Kepulauan Selayar,2025,2.48,8.64
7302,Bulukumba,2023,1.31,8.26
7302,Bulukumba,2024,2.23,8.52
7302,Bulukumba,2025,2.12,8.66
7303,Bantaeng,2023,3.71,7.09
7303,Bantaeng,2024,2.57,7.26
7303,Bantaeng,2025,3.74,7.43
7304,Jeneponto,2023,2.13,7
7304,Jeneponto,2024,2.47,7.01
7304,Jeneponto,2025,1.88,7.02
7305,Takalar,2023,3.58,7.66
7305,Takalar,2024,3.84,7.73
7305,Takalar,2025,3.76,7.84
7306,Gowa,2023,3.43,8.41
7306,Gowa,2024,3.91,8.53
7306,Gowa,2025,4.25,8.54
7307,Sinjai,2023,1.69,7.8
7307,Sinjai,2024,1.52,7.82
7307,Sinjai,2025,2.1,7.97
7308,Bone,2023,2.88,7.54
7308,Bone,2024,2.28,7.55
7308,Bone,2025,2.75,7.7
7309,Maros,2023,3.64,8.03
7309,Maros,2024,4.34,8.05
7309,Maros,2025,4.13,8.2
7310,Pangkajene dan Kepulauan,2023,5.05,8.31
7310,Pangkajene dan Kepulauan,2024,3.99,8.47
7310,Pangkajene dan Kepulauan,2025,3.9,8.48
7311,Barru,2023,5.89,8.54
7311,Barru,2024,6.42,8.8
7311,Barru,2025,5.07,8.93
7312,Soppeng,2023,4.34,8.27
7312,Soppeng,2024,3.33,8.45
7312,Soppeng,2025,4.01,8.59
7313,Wajo,2023,2.1,7.45
7313,Wajo,2024,2.31,7.46
7313,Wajo,2025,3.47,7.72
7314,Sindereng Rappang,2023,3.29,8.2
7314,Sindereng Rappang,2024,3.02,8.21
7314,Sindereng Rappang,2025,3.36,8.36
7315,Pinrang,2023,3.64,8.3
7315,Pinrang,2024,3.12,8.53
7315,Pinrang,2025,3.65,8.54
7316,Enrekang,2023,1.53,8.94
7316,Enrekang,2024,1.51,9.11
7316,Enrekang,2025,1.78,9.26
7317,Luwu,2023,3.7,8.73
7317,Luwu,2024,4.14,8.81
7317,Luwu,2025,3.71,8.96
7318,Tana Toraja,2023,3.37,8.6
7318,Tana Toraja,2024,3.98,8.77
7318,Tana Toraja,2025,3.44,8.92
7322,Luwu Utara,2023,2.63,8.14
7322,Luwu Utara,2024,2.39,8.37
7322,Luwu Utara,2025,2.24,8.51
7324,Luwu Timur,2023,5.42,8.93
7324,Luwu Timur,2024,4.58,8.94
7324,Luwu Timur,2025,3.7,9.04
7326,Toraja Utara,2023,2.6,8.51
7326,Toraja Utara,2024,2.44,8.54
7326,Toraja Utara,2025,2.01,8.72
7371,Makassar,2023,10.6,11.56
7371,Makassar,2024,9.71,11.57
7371,Makassar,2025,9.6,11.59
7372,Parepare,2023,5.86,10.7
7372,Parepare,2024,5.23,10.88
7372,Parepare,2025,4.98,10.89
7373,Palopo,2023,7.81,11.13
7373,Palopo,2024,7.64,11.16
7373,Palopo,2025,7.53,11.17
